{"cameraMode":{"drawMode":0,"name":"Shaded","section":"Shading Mode"},"sceneLighting":true,"audioPlay":false,"sceneViewState":{"showFog":true,"showMaterialUpdate":false,"showSkybox":true,"showFlares":true,"showImageEffects":true,"showParticleSystems":true,"showVisualEffectGraphs":true,"m_FxEnabled":true},"in2DMode":false,"pivot":{"x":508.8846740722656,"y":266.50433349609377,"z":766.7130126953125},"rotation":{"x":0.020395079627633096,"y":-0.006000614259392023,"z":0.00011018726945621893,"w":0.9997972249984741},"size":686.3892822265625,"orthographic":false}