{"cameraMode":{"drawMode":0,"name":"Shaded","section":"Shading Mode"},"sceneLighting":true,"audioPlay":false,"sceneViewState":{"showFog":true,"showMaterialUpdate":false,"showSkybox":true,"showFlares":true,"showImageEffects":true,"showParticleSystems":true,"showVisualEffectGraphs":true,"m_FxEnabled":true},"in2DMode":false,"pivot":{"x":234.7920379638672,"y":214.5122528076172,"z":-358.1104736328125},"rotation":{"x":0.20594516396522523,"y":-0.13311536610126496,"z":0.028263799846172334,"w":0.9690879583358765},"size":0.9093266129493713,"orthographic":false}