{"cameraMode":{"drawMode":0,"name":"Shaded","section":"Shading Mode"},"sceneLighting":true,"audioPlay":false,"sceneViewState":{"showFog":true,"showMaterialUpdate":false,"showSkybox":true,"showFlares":true,"showImageEffects":true,"showParticleSystems":true,"showVisualEffectGraphs":true,"m_FxEnabled":true},"in2DMode":false,"pivot":{"x":179.44638061523438,"y":140.74227905273438,"z":-199.3697052001953},"rotation":{"x":0.1427997648715973,"y":0.03858541324734688,"z":-0.005597737152129412,"w":0.9890145659446716},"size":0.9093266129493713,"orthographic":false}